{
  "device": "cuda",
  "fp32": {
    "configs/paper_double\\d0_danet_parallel_r50_5band.py": {
      "ok": true,
      "reason": "stable",
      "history_tail": [
        {
          "iter": 55,
          "total": 203.3057861328125,
          "decode.pam_cam.loss_ce": 0.7304229736328125,
          "decode.pam_cam.loss_dice": 0.29587799310684204,
          "decode.pam_cam.acc_seg": 49.8321533203125,
          "decode.pam.loss_ce": 0.6992512941360474,
          "decode.pam.loss_dice": 0.2939373552799225,
          "decode.pam.acc_seg": 49.8992919921875,
          "decode.cam.loss_ce": 0.6990118026733398,
          "decode.cam.loss_dice": 0.2936558723449707,
          "decode.cam.acc_seg": 50.018310546875,
          "aux.loss_ce": 0.2796701192855835,
          "aux.loss_aux_dice": 0.11772873252630234,
          "aux.acc_seg": 50.146484375
        },
        {
          "iter": 56,
          "total": 203.64088439941406,
          "decode.pam_cam.loss_ce": 0.7070801854133606,
          "decode.pam_cam.loss_dice": 0.2949233651161194,
          "decode.pam_cam.acc_seg": 50.0701904296875,
          "decode.pam.loss_ce": 0.6981962323188782,
          "decode.pam.loss_dice": 0.2936168313026428,
          "decode.pam.acc_seg": 49.896240234375,
          "decode.cam.loss_ce": 0.6984127759933472,
          "decode.cam.loss_dice": 0.29346439242362976,
          "decode.cam.acc_seg": 50.5126953125,
          "aux.loss_ce": 0.2809273898601532,
          "aux.loss_aux_dice": 0.11791384220123291,
          "aux.acc_seg": 49.7772216796875
        },
        {
          "iter": 57,
          "total": 203.67189025878906,
          "decode.pam_cam.loss_ce": 0.7040501832962036,
          "decode.pam_cam.loss_dice": 0.2943199574947357,
          "decode.pam_cam.acc_seg": 50.1678466796875,
          "decode.pam.loss_ce": 0.6999558806419373,
          "decode.pam.loss_dice": 0.2938128411769867,
          "decode.pam.acc_seg": 50.3173828125,
          "decode.cam.loss_ce": 0.7067155241966248,
          "decode.cam.loss_dice": 0.29463279247283936,
          "decode.cam.acc_seg": 49.7467041015625,
          "aux.loss_ce": 0.2799466848373413,
          "aux.loss_aux_dice": 0.11767325550317764,
          "aux.acc_seg": 50.048828125
        },
        {
          "iter": 58,
          "total": 204.42897033691406,
          "decode.pam_cam.loss_ce": 0.7322406768798828,
          "decode.pam_cam.loss_dice": 0.29590126872062683,
          "decode.pam_cam.acc_seg": 50.2685546875,
          "decode.pam.loss_ce": 0.7072588205337524,
          "decode.pam.loss_dice": 0.29438650608062744,
          "decode.pam.acc_seg": 50.3326416015625,
          "decode.cam.loss_ce": 0.7026572227478027,
          "decode.cam.loss_dice": 0.2943480908870697,
          "decode.cam.acc_seg": 50.5859375,
          "aux.loss_ce": 0.2801898121833801,
          "aux.loss_aux_dice": 0.11795603483915329,
          "aux.acc_seg": 49.81689453125
        },
        {
          "iter": 59,
          "total": 203.1158905029297,
          "decode.pam_cam.loss_ce": 0.7150408625602722,
          "decode.pam_cam.loss_dice": 0.2950461208820343,
          "decode.pam_cam.acc_seg": 49.7650146484375,
          "decode.pam.loss_ce": 0.7012900114059448,
          "decode.pam.loss_dice": 0.29405876994132996,
          "decode.pam.acc_seg": 50.1983642578125,
          "decode.cam.loss_ce": 0.6988572478294373,
          "decode.cam.loss_dice": 0.2939528822898865,
          "decode.cam.acc_seg": 50.042724609375,
          "aux.loss_ce": 0.2806869149208069,
          "aux.loss_aux_dice": 0.11771916598081589,
          "aux.acc_seg": 49.713134765625
        }
      ]
    },
    "configs/paper_double\\d1_cam_to_pam_r50_5band.py": {
      "ok": true,
      "reason": "stable",
      "history_tail": [
        {
          "iter": 55,
          "total": 101.3580322265625,
          "decode.loss_ce": 0.705889880657196,
          "decode.loss_dice": 0.2942034900188446,
          "decode.acc_seg": 49.7589111328125,
          "aux.loss_ce": 0.2806350886821747,
          "aux.loss_aux_dice": 0.12003350257873535,
          "aux.acc_seg": 50.1983642578125
        },
        {
          "iter": 56,
          "total": 100.94554138183594,
          "decode.loss_ce": 0.7003973126411438,
          "decode.loss_dice": 0.2939956784248352,
          "decode.acc_seg": 49.810791015625,
          "aux.loss_ce": 0.2804289758205414,
          "aux.loss_aux_dice": 0.11932672560214996,
          "aux.acc_seg": 49.7406005859375
        },
        {
          "iter": 57,
          "total": 100.89168548583984,
          "decode.loss_ce": 0.7112845182418823,
          "decode.loss_dice": 0.29463067650794983,
          "decode.acc_seg": 49.9908447265625,
          "aux.loss_ce": 0.2813495099544525,
          "aux.loss_aux_dice": 0.12016665190458298,
          "aux.acc_seg": 49.493408203125
        },
        {
          "iter": 58,
          "total": 100.78404235839844,
          "decode.loss_ce": 0.6998226642608643,
          "decode.loss_dice": 0.293958842754364,
          "decode.acc_seg": 49.54833984375,
          "aux.loss_ce": 0.28099262714385986,
          "aux.loss_aux_dice": 0.11962226778268814,
          "aux.acc_seg": 49.84130859375
        },
        {
          "iter": 59,
          "total": 101.10821533203125,
          "decode.loss_ce": 0.7057580947875977,
          "decode.loss_dice": 0.29410818219184875,
          "decode.acc_seg": 49.5880126953125,
          "aux.loss_ce": 0.2797752320766449,
          "aux.loss_aux_dice": 0.11849147081375122,
          "aux.acc_seg": 50.1220703125
        }
      ]
    },
    "configs/paper_double\\d2_pam_to_cam_r50_5band.py": {
      "ok": true,
      "reason": "stable",
      "history_tail": [
        {
          "iter": 55,
          "total": 100.77913665771484,
          "decode.loss_ce": 0.6969277858734131,
          "decode.loss_dice": 0.2935405373573303,
          "decode.acc_seg": 49.664306640625,
          "aux.loss_ce": 0.2808380126953125,
          "aux.loss_aux_dice": 0.11818362772464752,
          "aux.acc_seg": 49.725341796875
        },
        {
          "iter": 56,
          "total": 101.62937927246094,
          "decode.loss_ce": 0.7037191390991211,
          "decode.loss_dice": 0.2939731776714325,
          "decode.acc_seg": 50.103759765625,
          "aux.loss_ce": 0.2820240557193756,
          "aux.loss_aux_dice": 0.11772660166025162,
          "aux.acc_seg": 50.128173828125
        },
        {
          "iter": 57,
          "total": 101.4500732421875,
          "decode.loss_ce": 0.7019071578979492,
          "decode.loss_dice": 0.293955534696579,
          "decode.acc_seg": 50.1953125,
          "aux.loss_ce": 0.28140708804130554,
          "aux.loss_aux_dice": 0.11786854267120361,
          "aux.acc_seg": 49.859619140625
        },
        {
          "iter": 58,
          "total": 101.8522720336914,
          "decode.loss_ce": 0.7042678594589233,
          "decode.loss_dice": 0.29382455348968506,
          "decode.acc_seg": 50.35400390625,
          "aux.loss_ce": 0.2814550995826721,
          "aux.loss_aux_dice": 0.11801113933324814,
          "aux.acc_seg": 50.1007080078125
        },
        {
          "iter": 59,
          "total": 101.88038635253906,
          "decode.loss_ce": 0.6995220184326172,
          "decode.loss_dice": 0.2939283549785614,
          "decode.acc_seg": 49.932861328125,
          "aux.loss_ce": 0.28084927797317505,
          "aux.loss_aux_dice": 0.11780847609043121,
          "aux.acc_seg": 50.555419921875
        }
      ]
    },
    "configs/paper_double\\d3_parallel_concat_r50_5band.py": {
      "ok": true,
      "reason": "stable",
      "history_tail": [
        {
          "iter": 55,
          "total": 101.11006927490234,
          "decode.loss_ce": 0.7020208239555359,
          "decode.loss_dice": 0.2939342260360718,
          "decode.acc_seg": 49.9267578125,
          "aux.loss_ce": 0.28225430846214294,